{
  "-1.0": {
    "precision": 0.5247756422837111,
    "recall": 0.5588460082351879,
    "f1_score": 0.5410589970114249,
    "support": 187.33333333333334
  },
  "0.0": {
    "precision": 0.4069340124068444,
    "recall": 0.38629624521601214,
    "f1_score": 0.3954394459713175,
    "support": 178.0
  },
  "1.0": {
    "precision": 0.6598155986867021,
    "recall": 0.6518552510939877,
    "f1_score": 0.6552220901485248,
    "support": 286.6666666666667
  }
}