{
  "-1.0": {
    "precision": 0.5021251683156724,
    "recall": 0.5186879244470867,
    "f1-score": 0.5086875934912642,
    "support": 187.33333333333334
  },
  "0.0": {
    "precision": 0.33724949856485803,
    "recall": 0.5039397265416987,
    "f1-score": 0.4020364442219315,
    "support": 178.0
  },
  "1.0": {
    "precision": 0.7110789783363449,
    "recall": 0.472436933275787,
    "f1-score": 0.5663412157743638,
    "support": 286.6666666666667
  }
}