{
  "-1.0": {
    "precision": 0.4573233219953889,
    "recall": 0.5792665680650354,
    "f1-score": 0.510419228928547,
    "support": 188.0
  },
  "0.0": {
    "precision": 0.34751203395140845,
    "recall": 0.4598470522933924,
    "f1-score": 0.39499784931220044,
    "support": 179.0
  },
  "1.0": {
    "precision": 0.7326406927023911,
    "recall": 0.4537675957795642,
    "f1-score": 0.5600378084087528,
    "support": 288.0
  }
}