{
  "-1.0": {
    "precision": 0.4522461205157973,
    "recall": 0.554590164888746,
    "f1-score": 0.49746192893401014,
    "support": 188.0
  },
  "0.0": {
    "precision": 0.33796501502106535,
    "recall": 0.46226333441523315,
    "f1-score": 0.38913009265950443,
    "support": 179.0
  },
  "1.0": {
    "precision": 0.7255503204123755,
    "recall": 0.4471112953296288,
    "f1-score": 0.5531218952403556,
    "support": 288.0
  }
}