{
    "RD53B": {
        "GlobalConfig": {
            "AuroraActiveLanes": 3,
            "CdrClkSel": 0,
            "CmlBias0": 800,
            "CmlBias1": 400,
            "CmlBias2": 0,
            "SerEnTap": 1,
            "SerInvTap": 1,
            "MonitorEnable": 1,
            "MonitorI": 63,
            "MonitorV": 32,
            "ServiceBlockEn": 1,
            "ServiceBlockPeriod": 50,
            "DiffPreComp": 350,
            "DiffPreampL": 900,
            "DiffPreampM": 900,
            "DiffPreampR": 900,
            "DiffPreampT": 900,
            "DiffPreampTL": 900,
            "DiffPreampTR": 900,
            "DiffVff": 150,
            "EnCoreCol0": 65535,
            "EnCoreCol1": 65535,
            "EnCoreCol2": 65535,
            "EnCoreCol3": 63,
            "DataMergeOutMux0": 0,
            "DataMergeOutMux1": 1,
            "DataMergeOutMux2": 2,
            "DataMergeOutMux3": 3,
            "SerEnLane": 3,
            "SldoTrimA": 8,
            "SldoTrimD": 5
        },
        "Parameter": {
            "ADCcalPar": [12.267, 0.191, 10000.0],
            "Name": "0x17ea5",
            "ChipId": 1,
            "InjCap": 7.643000000000001,
            "NfDSLDO": 1.2849677500712195,
            "NfASLDO": 1.2837916963677813,
            "NfACB": 1.2817120892092628,
            "VcalPar": [3.867, 0.205],
            "IrefTrim": 15,
            "KSenseInA": 21146.845,
            "KSenseInD": 21411.719,
            "KSenseShuntA": 26181.808095238095,
            "KSenseShuntD": 26509.747333333333,
            "KShuntA": 1082.907,
            "KShuntD": 1037.85
        }
    }
}
