{
  "-1.0": {
    "precision": 0.5227960272803768,
    "recall": 0.5624227107647702,
    "f1_score": 0.541674246164774,
    "support": 187.33333333333334
  },
  "0.0": {
    "precision": 0.3925913833384122,
    "recall": 0.36864625115409516,
    "f1_score": 0.3796834312793091,
    "support": 178.0
  },
  "1.0": {
    "precision": 0.6585251950528659,
    "recall": 0.6495274622127457,
    "f1_score": 0.6535084509357814,
    "support": 286.6666666666667
  }
}