{
  "1.0": {
    "precision": 0.7100887395537175,
    "recall": 0.4865155258962674,
    "f1-score": 0.5759721034384641,
    "support": 286.6666666666667
  }
}